{"resource":{"aws_s3_bucket":{"simple_bucket":{"bucket":"${var.bucket}","acl":"${var.acl}","region":"${var.region}","policy":"${var.policy}","logging":{"target_bucket":"${var.log_bucket}","target_prefix":"${var.log_bucket_prefix}"},"versioning":{"enabled":"${var.versioning}"},"tags":{"Name":"${var.tag_name}","Environment":"${var.tag_env}"}}}},"output":{"domain_name":{"value":"${aws_s3_bucket.bucket.bucket_domain_name}"},"domain_id":{"value":"${aws_s3_bucket.bucket.id}"},"domain_arn":{"value":"${aws_s3_bucket.bucket.arn}"}},"variable":{"bucket":{},"acl":{"default":"private"},"region":{"default":"us-east-1"},"policy":{"default":""},"log_bucket":{},"log_bucket_prefix":{},"versioning":{"default":false},"tag_name":{},"tag_env":{}}}