{"resource":{"aws_sqs_queue":{"queue":{"name":"${var.name}","delay_seconds":"${var.delay_seconds}","max_message_size":"${var.max_message_size}","message_retention_seconds":"${var.message_retention_seconds}","tags":{"Name":"${var.tag_name}","Environment":"${var.tag_environment}"}}}},"output":{"id":{"value":"${aws_sqs_queue.queue.id}"},"arn":{"value":"${aws_sqs_queue.queue.arn}"}},"variable":{"name":{},"delay_seconds":{},"max_message_size":{},"message_retention_seconds":{},"tag_name":{},"tag_environment":{}}}