{"resource":{"aws_appautoscaling_policy":{"policy":{"name":"${var.name}","policy_type":"StepScaling","resource_id":"${var.resource_id}","scalable_dimension":"${var.scalable_dimension}","service_namespace":"${var.service_namespace}","step_scaling_policy_configuration":{"adjustment_type":"${var.adjustment_type}","cooldown":"${var.cooldown}","metric_aggregation_type":"${var.metric_aggregation_type}","step_adjustment":{"metric_interval_lower_bound":0,"scaling_adjustment":"${var.scaling_adjustment}"}}}}},"output":{"arn":{"value":"${aws_appautoscaling_policy.policy.arn}"}},"variable":{"name":{},"resource_id":{},"scalable_dimension":{},"service_namespace":{},"adjustment_type":{},"cooldown":{},"metric_aggregation_type":{},"scaling_adjustment":{}}}