{"resource":{"aws_ssm_parameter":{"parameter":{"name":"${var.name}","type":"${var.type}","value":"${var.value}","description":"${var.description}","key_id":"${var.key_id}"},"list_parameter":{"name":"${var.name}","type":"${var.type}","value":"${var.value}","description":"${var.description}","key_id":"${var.key_id}"}}},"output":{"arn":{"value":"${aws_ssm_parameter.parameter.arn}"},"value":{"value":"${aws_ssm_parameter.parameter.value}"}},"variable":{"name":{},"type":{"default":"StringList"},"value":{},"description":{},"key_id":{"default":""}}}