{"resource":{"aws_cloudwatch_metric_alarm":{"alarm":{"alarm_name":"${var.alarm_name}","comparison_operator":"${var.comparison_operator}","evaluation_periods":"${var.evaluation_periods}","metric_name":"${var.metric_name}","namespace":"${var.namespace}","period":"${var.period}","statistic":"${var.statistic}","threshold":"${var.threshold}","alarm_description":"${var.alarm_description}","dimensions":"${var.dimensions}","alarm_actions":["${var.alarm_actions}"]}}},"output":{"id":{"value":"${aws_cloudwatch_metric_alarm.alarm.id}"}},"variable":{"alarm_name":{},"comparison_operator":{},"evaluation_periods":{},"metric_name":{},"namespace":{},"period":{},"statistic":{},"threshold":{},"alarm_description":{},"dimensions":{"type":"map"},"alarm_actions":{"type":"list"}}}