{"resource":{"aws_ecs_task_definition":{"task_definition":{"family":"${var.family}","container_definitions":"${var.container_definitions}","task_role_arn":"${var.task_role_arn}","execution_role_arn":"${var.execution_role_arn}","network_mode":"awsvpc","cpu":"${var.cpu}","memory":"${var.memory}","requires_compatibilities":["FARGATE"]}}},"output":{"family":{"value":"${aws_ecs_task_definition.task_definition.family}"},"arn":{"value":"${aws_ecs_task_definition.task_definition.arn}"},"revision":{"value":"${aws_ecs_task_definition.task_definition.revision}"}},"variable":{"family":{},"task_role_arn":{},"execution_role_arn":{},"cpu":{},"memory":{},"container_definitions":{}}}