{"resource":{"aws_kinesis_stream":{"kinesis_stream":{"name":"${var.name}","shard_count":"${var.shard_count}","retention_period":"${var.retention_period}","encryption_type":"${var.encryption_type}","kms_key_id":"${var.kms_key_id}","shard_level_metrics":"${var.shard_level_metrics}","tags":{}}}},"output":{"arn":{"value":"${aws_kinesis_stream.kinesis_stream.arn}"}},"variable":{"name":{},"shard_count":{},"retention_period":{},"encryption_type":{"default":"NONE"},"kms_key_id":{"default":""},"shard_level_metrics":{"default":["IncomingBytes","OutgoingBytes"]}}}